CCT,c_nombre,ASESOR,sostenimiento_c_subcontrol,tiponivelsub_c_servicion3
31EES0001H,ERMILO ABREU GOMEZ,ALICIA,ESTATAL,GENERAL
31EES0006C,VICTOR MANUEL MARTINEZ HERRERA,ALICIA,ESTATAL,GENERAL
31DST0008U,ESCUELA SECUNDARIA TECNICA NUM. 8,CARLOS,FEDERAL TRANSFERIDO,TÉCNICA
31ETV0128T,MARIANO AZUELA,CARLOS,ESTATAL,TELESECUNDARIA
31ETV0056Q,LEANDRO VALLE,CARLOS,ESTATAL,TELESECUNDARIA
31ETV0038A,LUIS ROSADO VEGA,CARLOS,ESTATAL,TELESECUNDARIA
31ETV0100N,JOAQUIN BARANDA,CARLOS,ESTATAL,TELESECUNDARIA
31ETV0012T,JUAN MIGUEL CASTRO,CARLOS,ESTATAL,TELESECUNDARIA
31EES0058I,JOAQUIN CEBALLOS MIMENZA,ALICIA,ESTATAL,GENERAL
31EES0028O,MIGUEL BARRERA PALMERO,ALICIA,ESTATAL,GENERAL
31DST0038O,ESCUELA SECUNDARIA TECNICA NUM. 38,CARLOS,FEDERAL TRANSFERIDO,TÉCNICA
31DES2009O,MARIA DEL CARMEN FERRAEZ IBARRA,SANDY,FEDERAL TRANSFERIDO,GENERAL
31DST0029G,ESCUELA SECUNDARIA TECNICA NUM. 26,CARLOS,FEDERAL TRANSFERIDO,TÉCNICA
31EES0067Q,JOAQUIN COELLO COELLO,ALICIA,ESTATAL,GENERAL
31ETV0085L,ENRIQUE BELTRAN,CARLOS,ESTATAL,TELESECUNDARIA
31ETV0116O,CECILIO CHI,CARLOS,ESTATAL,TELESECUNDARIA
31EES0123S,ESCUELA SECUNDARIA ESTATAL NUM. 108,ALICIA,ESTATAL,GENERAL
31ETV0120A,FRANCISCO JAVIER MINA,CARLOS,ESTATAL,TELESECUNDARIA
31ETV0182N,DR. VICENTE PENICHE LOPEZ,CARLOS,ESTATAL,TELESECUNDARIA
31ETV0186J,CARLOS MONSIVAIS ACEVES,CARLOS,ESTATAL,TELESECUNDARIA
31ETV0053T,JOSE GONZALEZ BOCANEGRA,CARLOS,ESTATAL,TELESECUNDARIA
31ETV0044L,JUANA DE ASBAJE,CARLOS,ESTATAL,TELESECUNDARIA
31EES0114K,MOISES SAENZ,ALICIA,ESTATAL,GENERAL
31ETV0143L,VICTOR MANUEL CERVERA PACHECO,CARLOS,ESTATAL,TELESECUNDARIA
31ETV0169T,JOSE CLEMENTE OROZCO,CARLOS,ESTATAL,TELESECUNDARIA
31DES2022I,SARA MARIA CARRILLO VEGA,SANDY,FEDERAL TRANSFERIDO,GENERAL
31ETV0039Z,SALVADOR NOVO,CARLOS,ESTATAL,TELESECUNDARIA
31ETV0190W,BENITO JUÁREZ GARCÍA,CARLOS,ESTATAL,TELESECUNDARIA
31ETV0179Z,PLAN DE DZELKOOP,CARLOS,ESTATAL,TELESECUNDARIA
31ETV0025X,RICARDO FLORES MAGON,CARLOS,ESTATAL,TELESECUNDARIA
31ETV0089H,MANUEL ANTONIO AY,CARLOS,ESTATAL,TELESECUNDARIA
31EES0014L,RAFAEL CHAZARO PEREZ,ALICIA,ESTATAL,GENERAL
31ETV0032G,MARIANO MATAMOROS,CARLOS,ESTATAL,TELESECUNDARIA
31ETV0117N,ELVIA CARRILLO PUERTO,CARLOS,ESTATAL,TELESECUNDARIA
31DST0036Q,ESCUELA SECUNDARIA TECNICA NUM. 36,CARLOS,FEDERAL TRANSFERIDO,TÉCNICA
31ETV0050W,JESUS REYES HEROLES,CARLOS,ESTATAL,TELESECUNDARIA
31ETV0118M,RUFINO CHI CANUL,CARLOS,ESTATAL,TELESECUNDARIA
31ETV0188H,ROSA MARIA RUZ REJON,CARLOS,ESTATAL,TELESECUNDARIA
31ETV0124X,ANTONIO CANTO LOPEZ,CARLOS,ESTATAL,TELESECUNDARIA
31ETV0184L,PANFILO NOVELO MARTIN,CARLOS,ESTATAL,TELESECUNDARIA
31DST2027W,ESCUELA SECUNDARIA TECNICA NUM. 81,ANGEL,FEDERAL TRANSFERIDO,TÉCNICA
31EES0065S,FELIPE CARRILLO PUERTO,ALICIA,ESTATAL,GENERAL
31ETV0055R,IGNACIO ZARAGOZA,CARLOS,ESTATAL,TELESECUNDARIA
31ETV0064Z,SIMON BOLIVAR,CARLOS,ESTATAL,TELESECUNDARIA
31ETV0002M,FELIPE CARRILLO PUERTO,CARLOS,ESTATAL,TELESECUNDARIA
31DST2018O,ESCUELA SECUNDARIA TECNICA NUM. 73,ANGEL,FEDERAL TRANSFERIDO,TÉCNICA
31DST2007I,ESCUELA SECUNDARIA TECNICA NUM. 62,ANGEL,FEDERAL TRANSFERIDO,TÉCNICA
31EES0066R,VENUSTIANO CARRANZA,ALICIA,ESTATAL,GENERAL
31DES2020K,PASTOR GASPAR CASTRO SOBERANIS,SANDY,FEDERAL TRANSFERIDO,GENERAL
31EES0120V,MERCEDES PENICHE LOPEZ,ALICIA,ESTATAL,GENERAL
31DES2029B,SARA MOLINA FONT,SANDY,FEDERAL TRANSFERIDO,GENERAL
31ETV0151U,ESCUELA TELESECUNDARIA 20 DE NOVIEMBRE,CARLOS,ESTATAL,TELESECUNDARIA
31DES0022V,RAMON OSORIO OSORIO,SANDY,FEDERAL TRANSFERIDO,GENERAL
31EES0121U,CENTRO DE FORMACION BASICA Y SENSIBILIZACION ARTISTICA,ALICIA,ESTATAL,GENERAL
31ETV0165X,BEATRIZ PENICHE BARRERA,CARLOS,ESTATAL,TELESECUNDARIA
31DST0013F,ESCUELA SECUNDARIA TECNICA NUM. 13,CARLOS,FEDERAL TRANSFERIDO,TÉCNICA
31DES0008B,FELIPE CARRILLO PUERTO,SANDY,FEDERAL TRANSFERIDO,GENERAL
31DES0002H,LUIS ROSADO VEGA,SANDY,FEDERAL TRANSFERIDO,GENERAL
31DES0005E,HERLINDA CETINA GOMEZ,SANDY,FEDERAL TRANSFERIDO,GENERAL
31ETV0067W,NICOLAS BRAVO,CARLOS,ESTATAL,TELESECUNDARIA
31DES2027D,LUIS HUMBERTO MONSREAL OXTE,SANDY,FEDERAL TRANSFERIDO,GENERAL
31ETV0148G,JOSE DE LA LUZ MENA Y ALCOCER,CARLOS,ESTATAL,TELESECUNDARIA
31DST0024L,ESCUELA SECUNDARIA TECNICA NUM. 28,CARLOS,FEDERAL TRANSFERIDO,TÉCNICA
31DES2010D,PABLO BOLIO PONCE,SANDY,FEDERAL TRANSFERIDO,GENERAL
31DES2016Y,ROOSEVELT ERCE BARRON PECH,SANDY,FEDERAL TRANSFERIDO,GENERAL
31EES0101G,ISMAEL RODRIGUEZ ARAGON,ALICIA,ESTATAL,GENERAL
31DES2017X,LUIS DONALDO COLOSIO MURRIETA,SANDY,FEDERAL TRANSFERIDO,GENERAL
31EES0031B,DR. FABIAN VALLADO ESCALANTE,ALICIA,ESTATAL,GENERAL
31ETV0047I,JUAN ALVAREZ,CARLOS,ESTATAL,TELESECUNDARIA
31ETV0140O,AMPARO CARRILLO,CARLOS,ESTATAL,TELESECUNDARIA
31DST2003M,ESCUELA SECUNDARIA TECNICA NUM. 59,ANGEL,FEDERAL TRANSFERIDO,TÉCNICA
31ETV0026W,MARIANO ESCOBEDO,CARLOS,ESTATAL,TELESECUNDARIA
31ETV0166W,FRIDA KAHLO,CARLOS,ESTATAL,TELESECUNDARIA
31EES0040J,GENERAL SALVADOR ALVARADO,ALICIA,ESTATAL,GENERAL
31DST0042A,ESCUELA SECUNDARIA TECNICA NUM. 42,CARLOS,FEDERAL TRANSFERIDO,TÉCNICA
31DST2023Z,ESCUELA SECUNDARIA TECNICA NUM. 74,ANGEL,FEDERAL TRANSFERIDO,TÉCNICA
31EES0021V,AGUSTIN VADILLO CICERO,ALICIA,ESTATAL,GENERAL
31EES0025R,JOSE INES NOVELO,ALICIA,ESTATAL,GENERAL
31ETV0011U,LAZARO CARDENAS DEL RIO,CARLOS,ESTATAL,TELESECUNDARIA
31EES0027P,TIBURCIO MENA,ALICIA,ESTATAL,GENERAL
31DST0031V,ESCUELA SECUNDARIA TECNICA NUM. 31,CARLOS,FEDERAL TRANSFERIDO,TÉCNICA
31EES0005D,LUIS ALVAREZ BARRET,ALICIA,ESTATAL,GENERAL
31EES0071C,JUAN JOSE HOIL,ALICIA,ESTATAL,GENERAL
31EES0118G,AURELIANO PINTO RAMIREZ,ALICIA,ESTATAL,GENERAL
31ETV0130H,ALVARO OBREGON,CARLOS,ESTATAL,TELESECUNDARIA
31ETV0138Z,JAIME NUNO,CARLOS,ESTATAL,TELESECUNDARIA
31DES0015L,NIDIA BETANCOURT DE AYALA,SANDY,FEDERAL TRANSFERIDO,GENERAL
31DST0055E,ESCUELA SECUNDARIA TECNICA NUM. 55,ANGEL,FEDERAL TRANSFERIDO,TÉCNICA
31DST2011V,ESCUELA SECUNDARIA TECNICA NUM. 66,ANGEL,FEDERAL TRANSFERIDO,TÉCNICA
31DES0013N,JOSE ESQUIVEL PREN,SANDY,FEDERAL TRANSFERIDO,GENERAL
31DES2007Q,SILVIA NELLY CUEVAS AGUILAR,SANDY,FEDERAL TRANSFERIDO,GENERAL
31DES2011C,RICARDO LOPEZ MENDEZ,SANDY,FEDERAL TRANSFERIDO,GENERAL
31DES2008P,MANUEL CRESCENCIO REJON Y ALCALA,SANDY,FEDERAL TRANSFERIDO,GENERAL
31ETV0063Z,ANTONIO MEDIZ BOLIO,CARLOS,ESTATAL,TELESECUNDARIA
31ETV0091W,OCTAVIO PAZ,CARLOS,ESTATAL,TELESECUNDARIA
31EES0097K,PEDRO NOH BARON,ALICIA,ESTATAL,GENERAL
31ETV0159M,RICARDO GARIBAY,CARLOS,ESTATAL,TELESECUNDARIA
31EES0079V,VICTOR MANUEL GUTIERREZ ARCEO,ALICIA,ESTATAL,GENERAL
31ETV0175D,CHICHEN ITZA,CARLOS,ESTATAL,TELESECUNDARIA
31DST0030W,ESCUELA SECUNDARIA TECNICA NUM. 27,CARLOS,FEDERAL TRANSFERIDO,TÉCNICA
31ETV0020B,JOSE MARIA PINO SUAREZ,CARLOS,ESTATAL,TELESECUNDARIA
31EES0082I,EDGAR EULOGIO MOGUEL BARRERA,ALICIA,ESTATAL,GENERAL
31ETV0126V,TELESECUNDARIA NUM. 126,CARLOS,ESTATAL,TELESECUNDARIA
31EES0009Z,HUMBERTO LARA Y LARA,ALICIA,ESTATAL,GENERAL
31ETV0040P,RAMON LOPEZ VELARDE,CARLOS,ESTATAL,TELESECUNDARIA
31ETV0176C,CULTURA MAYA,CARLOS,ESTATAL,TELESECUNDARIA
31ETV0072H,CRISTOBAL COLON,CARLOS,ESTATAL,TELESECUNDARIA
31ETV0173F,ENRIQUE RECIO RODRIGUEZ,CARLOS,ESTATAL,TELESECUNDARIA
31DST2019N,SECUNDARIA TECNICA NUM. 1,CARLOS,FEDERAL TRANSFERIDO,TÉCNICA
31ETV0060C,GRACIANO RICALDE GAMBOA,CARLOS,ESTATAL,TELESECUNDARIA
31ETV0066X,AGUSTIN FRANCO VILLANUEVA,CARLOS,ESTATAL,TELESECUNDARIA
31ETV0154R,ADOLFO CISNEROS CAMARA,CARLOS,ESTATAL,TELESECUNDARIA
31ETV0137A,WILLIAM BRITO SANSORES,CARLOS,ESTATAL,TELESECUNDARIA
31DES2021J,ANTÓNIA JIMÉNEZ TRAVA,SANDY,FEDERAL TRANSFERIDO,GENERAL
31ETV0090X,VICENTE GUERRERO,CARLOS,ESTATAL,TELESECUNDARIA
31ETV0163Z,JUAN DE LA BARRERA,CARLOS,ESTATAL,TELESECUNDARIA
31ETV0094T,SERAPIO BAQUEIRO PREVE,CARLOS,ESTATAL,TELESECUNDARIA
31ETV0177B,MARCELINA SILVA DE ARCEO,CARLOS,ESTATAL,TELESECUNDARIA
31DST2002N,ESCUELA SECUNDARIA TECNICA NUM. 58,ANGEL,FEDERAL TRANSFERIDO,TÉCNICA
31DST0057C,ESCUELA SECUNDARIA TECNICA NUM. 57,ANGEL,FEDERAL TRANSFERIDO,TÉCNICA
31DST2001O,ESCUELA SECUNDARIA TECNICA NUM. 50,ANGEL,FEDERAL TRANSFERIDO,TÉCNICA
31DST0037P,ESCUELA SECUNDARIA TECNICA NUM. 37,CARLOS,FEDERAL TRANSFERIDO,TÉCNICA
31DST2005K,ESCUELA SECUNDARIA TECNICA NUM. 61,ANGEL,FEDERAL TRANSFERIDO,TÉCNICA
31EES0003F,ADOLFO LOPEZ MATEOS,ALICIA,ESTATAL,GENERAL
31EES0012N,ALFREDO BARRERA VASQUEZ,ALICIA,ESTATAL,GENERAL
31DST0022N,ESCUELA SECUNDARIA TECNICA NUM. 22,CARLOS,FEDERAL TRANSFERIDO,TÉCNICA
31DST0040C,ESCUELA SECUNDARIA TECNICA NUM. 40,CARLOS,FEDERAL TRANSFERIDO,TÉCNICA
31DST0048V,ESCUELA SECUNDARIA TECNICA NUMERO 84,ANGEL,FEDERAL TRANSFERIDO,TÉCNICA
31ETV0098P,ELIGIO MARIA ANCONA Y CASTILLO,CARLOS,ESTATAL,TELESECUNDARIA
31DST2009G,ESCUELA SECUNDARIA TECNICA NUM. 64,ANGEL,FEDERAL TRANSFERIDO,TÉCNICA
31DES0006D,BENITO JUAREZ GARCIA,SANDY,FEDERAL TRANSFERIDO,GENERAL
31ETV0030I,FELIPE ALCOCER CASTILLO,CARLOS,ESTATAL,TELESECUNDARIA
31EES0053N,JOSE GONZALEZ ROSADO,ALICIA,ESTATAL,GENERAL
31EES0108Z,GABRIELA MISTRAL,ALICIA,ESTATAL,GENERAL
31DST0047W,ESCUELA SECUNDARIA TECNICA NUM. 47,ANGEL,FEDERAL TRANSFERIDO,TÉCNICA
31EES0064T,OCTAVIO PAZ,ALICIA,ESTATAL,GENERAL
31DST2020C,SECUNDARIA TECNICA NUM. 77,ANGEL,FEDERAL TRANSFERIDO,TÉCNICA
31DST0041B,ESCUELA SECUNDARIA TECNICA NUM. 41,CARLOS,FEDERAL TRANSFERIDO,TÉCNICA
31DST2022A,SECUNDARIA TECNICA NUM. 79,ANGEL,FEDERAL TRANSFERIDO,TÉCNICA
31DST2024Z,ESCUELA SECUNDARIA TECNICA NUM. 75,ANGEL,FEDERAL TRANSFERIDO,TÉCNICA
31DST0049U,ESCUELA SECUNDARIA TECNICA NUM. 49,ANGEL,FEDERAL TRANSFERIDO,TÉCNICA
31ETV0054S,HEROE DE NACOZARI,CARLOS,ESTATAL,TELESECUNDARIA
31EES0105C,JUAN GARCIA PONCE,ALICIA,ESTATAL,GENERAL
31DST0034S,ESCUELA SECUNDARIA TECNICA NUM. 34,CARLOS,FEDERAL TRANSFERIDO,TÉCNICA
31ETV0031H,LORENZO DE ZAVALA,CARLOS,ESTATAL,TELESECUNDARIA
31ETV0087J,ESCUDO NACIONAL,CARLOS,ESTATAL,TELESECUNDARIA
31ETV0136B,LUIS DONALDO COLOSIO MURRIETA,CARLOS,ESTATAL,TELESECUNDARIA
31ETV0059N,JUSTO SIERRA  O'REILLY,CARLOS,ESTATAL,TELESECUNDARIA
31EES0032A,RAFAEL MATOS ESCOBEDO,ALICIA,ESTATAL,GENERAL
31ETV0155Q,ALFREDO BARRERA VASQUEZ,CARLOS,ESTATAL,TELESECUNDARIA
31ETV0061B,ERNESTO NOVELO TORRES,CARLOS,ESTATAL,TELESECUNDARIA
31DST0010I,ESCUELA SECUNDARIA TECNICA NUM. 10,CARLOS,FEDERAL TRANSFERIDO,TÉCNICA
31ETV0014R,BENEMERITO DE LAS AMERICAS,CARLOS,ESTATAL,TELESECUNDARIA
31DST2028V,ESCUELA SECUNDARIA TECNICA NUM. 82,ANGEL,FEDERAL TRANSFERIDO,TÉCNICA
31EES0125Q,RAQUEL DZIB CICERO,ALICIA,ESTATAL,GENERAL
31DES2025F,ELVIA CARRILLO PUERTO,SANDY,FEDERAL TRANSFERIDO,GENERAL
31ETV0048H,SALVADOR DIAZ MIRON,CARLOS,ESTATAL,TELESECUNDARIA
31EES0073A,SALVADOR RODRIGUEZ LOSA,ALICIA,ESTATAL,GENERAL
31EES0074Z,JOAQUIN BARANDA,ALICIA,ESTATAL,GENERAL
31DST2016Q,ESCUELA SECUNDARIA TECNICA NUM. 71,ANGEL,FEDERAL TRANSFERIDO,TÉCNICA
31DES0016K,JACINTO PAT,SANDY,FEDERAL TRANSFERIDO,GENERAL
31EES0026Q,EULOGIO PALMA Y PALMA,ALICIA,ESTATAL,GENERAL
31ETV0191V,JOSE EMILIO PACHECO,CARLOS,ESTATAL,TELESECUNDARIA
31EES0075Z,JOSE TEC POOT,ALICIA,ESTATAL,GENERAL
31EES0076Y,RICARDO LOPEZ MENDEZ,ALICIA,ESTATAL,GENERAL
31DES2003U,CUAUHTEMOC,SANDY,FEDERAL TRANSFERIDO,GENERAL
31DES2023H,ELDA MARIA ZOZAYA PENICHE,SANDY,FEDERAL TRANSFERIDO,GENERAL
31DST0033T,ESCUELA SECUNDARIA TECNICA NUM. 33,CARLOS,FEDERAL TRANSFERIDO,TÉCNICA
31EES0011O,VICENTE GUERRERO,ALICIA,ESTATAL,GENERAL
31EES0007B,LOS TRATADOS DE TZUCACAB,ALICIA,ESTATAL,GENERAL
31ETV0018N,PLUTARCO ELIAS CALLES,CARLOS,ESTATAL,TELESECUNDARIA
31ETV0101M,SALVADOR ZUBIRAN,CARLOS,ESTATAL,TELESECUNDARIA
31ETV0105I,SANTIAGO PACHECO CRUZ,CARLOS,ESTATAL,TELESECUNDARIA
31ETV0076D,SOR JUANA INES DE LA CRUZ,CARLOS,ESTATAL,TELESECUNDARIA
31DES0018I,JOSEFA ORTIZ DE DOMINGUEZ,SANDY,FEDERAL TRANSFERIDO,GENERAL
31DES0019H,GASPAR ANTONIO XIU,SANDY,FEDERAL TRANSFERIDO,GENERAL
31ETV0001N,ESCUELA TELESECUNDARIA NUM. 1,CARLOS,ESTATAL,TELESECUNDARIA
31DST0015D,ESCUELA SECUNDARIA TECNICA NUM. 15,CARLOS,FEDERAL TRANSFERIDO,TÉCNICA
31ETV0150V,JUAN GARCIA PONCE,CARLOS,ESTATAL,TELESECUNDARIA
31EES0036X,GUILLERMO PRIETO,ALICIA,ESTATAL,GENERAL
31DST0006W,ESCUELA SECUNDARIA TECNICA NUM. 6,CARLOS,FEDERAL TRANSFERIDO,TÉCNICA
31DST0035R,ESCUELA SECUNDARIA TECNICA NUM. 35,CARLOS,FEDERAL TRANSFERIDO,TÉCNICA
31ETV0052U,JOSE FRANCISCO BATES,CARLOS,ESTATAL,TELESECUNDARIA
31EES0018H,ESCUELA SECUNDARIA ESTATAL COMUNIDAD EDUCATIVA BAILLERES,ALICIA,ESTATAL,GENERAL
31DST0028H,ESCUELA SECUNDARIA TECNICA NUM. 25,CARLOS,FEDERAL TRANSFERIDO,TÉCNICA
31DST2008H,ESCUELA SECUNDARIA TECNICA NUM. 63,ANGEL,FEDERAL TRANSFERIDO,TÉCNICA
31EES0059H,CARMEN CERVERA ANDRADE,ALICIA,ESTATAL,GENERAL
31EES0051P,RAMIRO RODRIGUEZ AGUAYO,ALICIA,ESTATAL,GENERAL
31ETV0015Q,ZAMNA,CARLOS,ESTATAL,TELESECUNDARIA
31DST0001A,SILVIO ZAVALA VALLADO,CARLOS,FEDERAL TRANSFERIDO,TÉCNICA
31ETV0114Q,JOSE MARIA ITURRALDE TRACONIS,CARLOS,ESTATAL,TELESECUNDARIA
31ETV0160B,MOISES SAENZ GARZA,CARLOS,ESTATAL,TELESECUNDARIA
31ETV0183M,JUAN PIO PEREZ VERMONT,CARLOS,ESTATAL,TELESECUNDARIA
31ETV0171H,QUETZALCOATL,CARLOS,ESTATAL,TELESECUNDARIA
31ETV0189G,KA'ANSAJIL KUXTAL,CARLOS,ESTATAL,TELESECUNDARIA
31DES2001W,EDMUNDO VILLALVA RODRIGUEZ,SANDY,FEDERAL TRANSFERIDO,GENERAL
31DST0023M,NIÑOS HEROES,ANGEL,FEDERAL TRANSFERIDO,TÉCNICA
31ETV0095S,ARTEMIO ALPIZAR RUZ,CARLOS,ESTATAL,TELESECUNDARIA
31ETV0111T,VICENTE MARIA VELAZQUEZ,CARLOS,ESTATAL,TELESECUNDARIA
31DST2014S,ESCUELA SECUNDARIA TECNICA NUM. 69,ANGEL,FEDERAL TRANSFERIDO,TÉCNICA
31ETV0110U,SERAPIO RENDON,CARLOS,ESTATAL,TELESECUNDARIA
31ETV0141N,ADOLFO LOPEZ MATEOS,CARLOS,ESTATAL,TELESECUNDARIA
31ETV0187I,MATILDE MONTOYA,CARLOS,ESTATAL,TELESECUNDARIA
31DES2006R,SOR JUANA INES DE LA CRUZ,SANDY,FEDERAL TRANSFERIDO,GENERAL
31ETV0113R,CARLOS A. CARRILLO,CARLOS,ESTATAL,TELESECUNDARIA
31ETV0134D,AGUSTIN MELGAR,CARLOS,ESTATAL,TELESECUNDARIA
31ETV0132F,FERNANDO MONTES DE OCA RODRIGUEZ,CARLOS,ESTATAL,TELESECUNDARIA
31EES0010P,LEANDRO VALLE,ALICIA,ESTATAL,GENERAL
31ETV0122Z,FELIPA POOT TZUC,CARLOS,ESTATAL,TELESECUNDARIA
31DST0021O,AGUSTIN FRANCO VILLANUEVA,CARLOS,FEDERAL TRANSFERIDO,TÉCNICA
31DES2002V,JOSE ANDRES ANTUÑA SANCHEZ,SANDY,FEDERAL TRANSFERIDO,GENERAL
31ETV0080Q,RODOLFO MENENDEZ DE LA PEÑA,CARLOS,ESTATAL,TELESECUNDARIA
31ETV0028U,CUAUHTEMOC,CARLOS,ESTATAL,TELESECUNDARIA
31ETV0068V,MANUEL ALCALA MARTIN,CARLOS,ESTATAL,TELESECUNDARIA
31ETV0086K,PRUDENCIO PATRON PENICHE,CARLOS,ESTATAL,TELESECUNDARIA
31EES0038V,REPUBLICA DE MEXICO,ALICIA,ESTATAL,GENERAL
31ETV0097Q,EL APOSTOL DEL ARBOL,CARLOS,ESTATAL,TELESECUNDARIA
31EES0054M,SERAPIO RENDON,ALICIA,ESTATAL,GENERAL
31EES0069O,PURA IRENE ESCALANTE,ALICIA,ESTATAL,GENERAL
31EES0095M,JOSE DE LA LUZ MENA Y ALCOCER,ALICIA,ESTATAL,GENERAL
31EES0111N,HILDA NOEMÍ MÉNDEZ CECÍAS,ALICIA,ESTATAL,GENERAL
31EES0077X,MATILDE CARDENAS ALVAREZ,ALICIA,ESTATAL,GENERAL
31EES0080K,ELMER ORLANDO GOROCICA LARA,ALICIA,ESTATAL,GENERAL
31ETV0070J,ENRIQUE PESTALOZZI,CARLOS,ESTATAL,TELESECUNDARIA
31EES0110O,IRMA FLOR CAMARGO MARTINEZ,ALICIA,ESTATAL,GENERAL
31EES0084G,MIGUEL ANGEL HERCILA AVILEZ,ALICIA,ESTATAL,GENERAL
31EES0096L,IGNACIO RAMIREZ,ALICIA,ESTATAL,GENERAL
31EES0081J,JOSEFA ORTIZ DE DOMINGUEZ,ALICIA,ESTATAL,GENERAL
31EES0094N,ANGELA GONZALEZ DE MENENDEZ,ALICIA,ESTATAL,GENERAL
31EES0107A,MANUEL CRESCENCIO REJON,ALICIA,ESTATAL,GENERAL
31EES0106B,HECTOR VICTORIA AGUILAR,ALICIA,ESTATAL,GENERAL
31EES0090R,GENER ROBERTO SOSA SOSA,ALICIA,ESTATAL,GENERAL
31EES0078W,ITZAMNA,ALICIA,ESTATAL,GENERAL
31EES0098J,LUIS DONALDO COLOSIO MURRIETA,ALICIA,ESTATAL,GENERAL
31EES0104D,ARTEMIO ALPIZAR RUZ,ALICIA,ESTATAL,GENERAL
31EES0117H,SANTIAGO HERRERA CASTILLO,ALICIA,ESTATAL,GENERAL
31EES0062V,GRACIANO RICALDE GAMBOA,ALICIA,ESTATAL,GENERAL
31EES0086E,JOAQUIN ANCONA ALBERTOS,ALICIA,ESTATAL,GENERAL
31EES0100H,RITA CETINA GUTIERREZ,ALICIA,ESTATAL,GENERAL
31DES2012B,JOSE LEON BOJORQUEZ GARCIA,SANDY,FEDERAL TRANSFERIDO,GENERAL
31EES0116I,RAMON G. BONFIL,ALICIA,ESTATAL,GENERAL
31EES0070D,JACINTO PAT,ALICIA,ESTATAL,GENERAL
31EES0088C,DANIEL AYALA PEREZ,ALICIA,ESTATAL,GENERAL
31EES0115J,SANTIAGO PACHECO CRUZ,ALICIA,ESTATAL,GENERAL
31DES0004F,JOSE EMILIO VALLADO GALAZ,SANDY,FEDERAL TRANSFERIDO,GENERAL
31ETV0185K,CARLOS CARRILLO VEGA,CARLOS,ESTATAL,TELESECUNDARIA
31DST2017P,ESCUELA SECUNDARIA TECNICA 72 VICTOR MANUEL CERVERA PACHECO,ANGEL,FEDERAL TRANSFERIDO,TÉCNICA
31EES0089B,ROBERTO ARTURO HERNANDEZ WOLBRIE,ALICIA,ESTATAL,GENERAL
31ETV0158N,ESCUELA TELESECUNDARIA MANUEL AMABILIS,CARLOS,ESTATAL,TELESECUNDARIA
31EES0092P,FRANCISCO ROGELIO RIVERO ALVARADO,ALICIA,ESTATAL,GENERAL
31DST0026J,ESCUELA SECUNDARIA TECNICA NUM. 30,CARLOS,FEDERAL TRANSFERIDO,TÉCNICA
31DST0027I,ESCUELA SECUNDARIA TECNICA NUM. 24,CARLOS,FEDERAL TRANSFERIDO,TÉCNICA
31DST0054F,ESCUELA SECUNDARIA TECNICA NUM. 54,ANGEL,FEDERAL TRANSFERIDO,TÉCNICA
31DST2025Y,ESCUELA SECUNDARIA TECNICA NUM. 76,ANGEL,FEDERAL TRANSFERIDO,TÉCNICA
31DST2013T,ESCUELA SECUNDARIA TECNICA NUM. 68,ANGEL,FEDERAL TRANSFERIDO,TÉCNICA
31ETV0161A,JUAN RIVERO GUTIERREZ,CARLOS,ESTATAL,TELESECUNDARIA
31DST2021B,SECUNDARIA TECNICA NUM. 78,ANGEL,FEDERAL TRANSFERIDO,TÉCNICA
31EES0004E,LEONA VICARIO,ALICIA,ESTATAL,GENERAL
31EES0045E,JOSE LOPEZ PORTILLO Y ROJAS,ALICIA,ESTATAL,GENERAL
31EES0023T,EDUARDO URZAIZ RODRIGUEZ,ALICIA,ESTATAL,GENERAL
31ETV0083N,LUIS PENICHE VALLADO,CARLOS,ESTATAL,TELESECUNDARIA
31ETV0009F,ERMILO ABREU GOMEZ,CARLOS,ESTATAL,TELESECUNDARIA
31DST0017B,ESCUELA SECUNDARIA TECNICA NUM. 17,CARLOS,FEDERAL TRANSFERIDO,TÉCNICA
31ETV0065Y,GABINO BARREDA,CARLOS,ESTATAL,TELESECUNDARIA
31ETV0135C,LUIS GONZAGA URBINA,CARLOS,ESTATAL,TELESECUNDARIA
31ETV0168U,JOSE DEMETRIO RIVERO NAVARRETE,CARLOS,ESTATAL,TELESECUNDARIA
31DST0016C,ADEMAR EFRAIN BRITO PARRA,CARLOS,FEDERAL TRANSFERIDO,TÉCNICA
31EES0122T,SECUNDARIA NUM. 107,ALICIA,ESTATAL,GENERAL
31ETV0096R,RAQUEL DZIB CICERO,CARLOS,ESTATAL,TELESECUNDARIA
31ETV0043M,ESCUELA TELESECUNDARIA LEONA VICARIO,CARLOS,ESTATAL,TELESECUNDARIA
31EES0124R,ESCUELA SECUNDARIA ESTATAL NUM. 109,ALICIA,ESTATAL,GENERAL
31ETV0167V,FRANCISCO MARQUEZ,CARLOS,ESTATAL,TELESECUNDARIA
31ETV0022Z,JOSE MARIA MORELOS Y PAVON,CARLOS,ESTATAL,TELESECUNDARIA
31DES0010Q,JOSE VASCONCELOS,SANDY,FEDERAL TRANSFERIDO,GENERAL
31DES0014M,EMILIANO ZAPATA,SANDY,FEDERAL TRANSFERIDO,GENERAL
31ETV0144K,PABLO MORENO Y TRIAY,CARLOS,ESTATAL,TELESECUNDARIA
31DST0051I,ESCUELA SECUNDARIA TECNICA NUM. 51,ANGEL,FEDERAL TRANSFERIDO,TÉCNICA
31ETV0073G,LOS MAYAS,CARLOS,ESTATAL,TELESECUNDARIA
31ETV0008G,JACINTO CANEK,CARLOS,ESTATAL,TELESECUNDARIA
31DST2006J,ESCUELA SECUNDARIA TECNICA NUM. 48,ANGEL,FEDERAL TRANSFERIDO,TÉCNICA
31ETV0129S,JULIO RENDON ALCOCER,CARLOS,ESTATAL,TELESECUNDARIA
31ETV0023Z,EMILIANO ZAPATA,CARLOS,ESTATAL,TELESECUNDARIA
31EES0022U,ADOLFO CISNEROS CAMARA,ALICIA,ESTATAL,GENERAL
31EES0033Z,PILAR VICTORIA Y VICTORIA,ALICIA,ESTATAL,GENERAL
31ETV0099O,YUCATAN,CARLOS,ESTATAL,TELESECUNDARIA
31DST0039N,ESCUELA SECUNDARIA TECNICA NUM. 39,CARLOS,FEDERAL TRANSFERIDO,TÉCNICA
31EES0041I,BENITO JUAREZ GARCIA,ALICIA,ESTATAL,GENERAL
31ETV0013S,JUSTO SIERRA MENDEZ,CARLOS,ESTATAL,TELESECUNDARIA
31ETV0071I,NIÑOS HEROES,CARLOS,ESTATAL,TELESECUNDARIA
31DST2004L,ESCUELA SECUNDARIA TECNICA NUM. 60,ANGEL,FEDERAL TRANSFERIDO,TÉCNICA
31ETV0125W,MEXICO,CARLOS,ESTATAL,TELESECUNDARIA
31ETV0045K,IGNACIO MANUEL ALTAMIRANO,CARLOS,ESTATAL,TELESECUNDARIA
31ETV0046J,JOSEFA ORTIZ DE DOMINGUEZ,CARLOS,ESTATAL,TELESECUNDARIA
31ETV0006I,ESCUELA TELESECUNDARIA CUITLAHUAC,CARLOS,ESTATAL,TELESECUNDARIA
31DES0025S,MARIA CANTO DE ROCHE,SANDY,FEDERAL TRANSFERIDO,GENERAL
31DES0012O,APOLINAR GARCIA Y GARCIA,SANDY,FEDERAL TRANSFERIDO,GENERAL
31ETV0062A,MANUEL CEPEDA PERAZA,CARLOS,ESTATAL,TELESECUNDARIA
31DES0024T,VICENTE GUERRERO,SANDY,FEDERAL TRANSFERIDO,GENERAL
31DES2013A,OMAR GUADALUPE LARA NOVELO,SANDY,FEDERAL TRANSFERIDO,GENERAL
31EES0093O,VALENTIN GOMEZ FARIAS,ALICIA,ESTATAL,GENERAL
31ETV0051V,MANUEL ACUÑA,CARLOS,ESTATAL,TELESECUNDARIA
31EES0017I,22 DE FEBRERO CROC,ALICIA,ESTATAL,GENERAL
31EES0015K,ANTONIO MEDIZ BOLIO,ALICIA,ESTATAL,GENERAL
31ETV0112S,FERNANDO MONTES DE OCA,CARLOS,ESTATAL,TELESECUNDARIA
31ETV0174E,PABLO BOLIO PONCE,CARLOS,ESTATAL,TELESECUNDARIA
31EES0072B,PRUDENCIO PATRON PENICHE,ALICIA,ESTATAL,GENERAL
31EES0083H,IGNACIO ZARAGOZA,ALICIA,ESTATAL,GENERAL
31EES0091Q,SOR JUANA INES DE LA CRUZ,ALICIA,ESTATAL,GENERAL
31ETV0102L,AMADO NERVO,CARLOS,ESTATAL,TELESECUNDARIA
31DST0053G,ESCUELA SECUNDARIA TECNICA NUM. 53,ANGEL,FEDERAL TRANSFERIDO,TÉCNICA
31EES0119F,FRAY DIEGO DE LANDA,ALICIA,ESTATAL,GENERAL
31DES0007C,ANTONIO MEDIZ BOLIO,SANDY,FEDERAL TRANSFERIDO,GENERAL
31DST0012G,ESCUELA SECUNDARIA TECNICA NUM. 12,CARLOS,FEDERAL TRANSFERIDO,TÉCNICA
31DES2015Z,ANDRES JOSE GARCIA LAVIN,SANDY,FEDERAL TRANSFERIDO,GENERAL
31EES0113L,MANUEL ALCALA MARTIN,ALICIA,ESTATAL,GENERAL
31EES0035Y,EMILIANO ZAPATA,ALICIA,ESTATAL,GENERAL
31EES0103E,WILBERTO CANTON MOLLER,ALICIA,ESTATAL,GENERAL
31DST0004Y,ESCUELA SECUNDARIA TECNICA NUM. 4,CARLOS,FEDERAL TRANSFERIDO,TÉCNICA
31DES0003G,JESUS REYES HEROLES,SANDY,FEDERAL TRANSFERIDO,GENERAL
31ETV0024Y,MIGUEL HIDALGO Y COSTILLA,CARLOS,ESTATAL,TELESECUNDARIA
31DES2019V,ELADIO NOVELO GIL,SANDY,FEDERAL TRANSFERIDO,GENERAL
31EES0046D,JACINTO CANEK,ALICIA,ESTATAL,GENERAL
31EES0002G,RAMON GONZALEZ JIMENEZ,ALICIA,ESTATAL,GENERAL
31EES0063U,MANUEL JESUS CERVERA CAPISTRAN,ALICIA,ESTATAL,GENERAL
31DST0046X,ESCUELA SECUNDARIA TECNICA NUM. 46,ANGEL,FEDERAL TRANSFERIDO,TÉCNICA
31DES0021W,JUAN DE DIOS RODRIGUEZ HEREDIA,SANDY,FEDERAL TRANSFERIDO,GENERAL
31DST0009T,ESCUELA SECUNDARIA TECNICA NUM. 9,CARLOS,FEDERAL TRANSFERIDO,TÉCNICA
31ETV0152T,TELESECUNDARIA NUM. 152,CARLOS,ESTATAL,TELESECUNDARIA
31EES0030C,JUAN PACHECO TORRES,ALICIA,ESTATAL,GENERAL
31ETV0104J,ROMULO ROZO,CARLOS,ESTATAL,TELESECUNDARIA
31EES0061W,ANDRES QUINTANA ROO,ALICIA,ESTATAL,GENERAL
31ETV0037B,JUAN ESCUTIA,CARLOS,ESTATAL,TELESECUNDARIA
31ETV0004K,VENUSTIANO CARRANZA,CARLOS,ESTATAL,TELESECUNDARIA
31DES2018W,LAZARO CARDENAS DEL RIO,SANDY,FEDERAL TRANSFERIDO,GENERAL
31ETV0142M,PLAN DE AYALA,CARLOS,ESTATAL,TELESECUNDARIA
31ETV0106H,AQUILES SERDAN,CARLOS,ESTATAL,TELESECUNDARIA
31DST0056D,ESCUELA SECUNDARIA TECNICA NUM. 56,ANGEL,FEDERAL TRANSFERIDO,TÉCNICA
31ETV0042N,ANDRES QUINTANA ROO,CARLOS,ESTATAL,TELESECUNDARIA
31ETV0036C,PONCIANO ARRIAGA,CARLOS,ESTATAL,TELESECUNDARIA
31ETV0033F,MARGARITA MAZA DE JUAREZ,CARLOS,ESTATAL,TELESECUNDARIA
31ETV0119L,TELESECUNDARIA NUM. 119,CARLOS,ESTATAL,TELESECUNDARIA
31DST0014E,ESCUELA SECUNDARIA TECNICA NUM. 14,CARLOS,FEDERAL TRANSFERIDO,TÉCNICA
31ETV0115P,GILBERTO HAU OSALDE,CARLOS,ESTATAL,TELESECUNDARIA
31ETV0075E,FRANCISCO I. MADERO,CARLOS,ESTATAL,TELESECUNDARIA
31ETV0162Z,VICENTE SUAREZ,CARLOS,ESTATAL,TELESECUNDARIA
31ETV0049G,GONZALO GUERRERO,CARLOS,ESTATAL,TELESECUNDARIA
31ETV0103K,ALFREDO BARRERA MARIN,CARLOS,ESTATAL,TELESECUNDARIA
31ETV0069U,JUAN CANO Y CANO,CARLOS,ESTATAL,TELESECUNDARIA
31DST2026X,ESCUELA SECUNDARIA TECNICA NUM. 80,ANGEL,FEDERAL TRANSFERIDO,TÉCNICA
31DES2028C,HUMBERTO ESQUIVEL MEDINA,SANDY,FEDERAL TRANSFERIDO,GENERAL
31DST0011H,ESCUELA SECUNDARIA TECNICA NUM. 11,CARLOS,FEDERAL TRANSFERIDO,TÉCNICA
31DES0017J,ADOLFO LOPEZ MATEOS,SANDY,FEDERAL TRANSFERIDO,GENERAL
31EES0085F,ANTONIO BETANCOURT PEREZ,ALICIA,ESTATAL,GENERAL
31ETV0127U,JOSE INES NOVELO,CARLOS,ESTATAL,TELESECUNDARIA
31ETV0139Z,ALFONSO HERRERA CRUZ,CARLOS,ESTATAL,TELESECUNDARIA
31ETV0172G,ESCUELA TELESECUNDARIA,CARLOS,ESTATAL,TELESECUNDARIA
31ETV0027V,GABRIELA MISTRAL,CARLOS,ESTATAL,TELESECUNDARIA
31ETV0057P,NETZAHUALCOYOTL,CARLOS,ESTATAL,TELESECUNDARIA
31ETV0121Z,ALFONSO VILLA ROJAS,CARLOS,ESTATAL,TELESECUNDARIA
31ETV0164Y,AGUSTIN VADILLO CICERO,CARLOS,ESTATAL,TELESECUNDARIA
31ETV0145J,VICENTE RIVA PALACIO,CARLOS,ESTATAL,TELESECUNDARIA
31ETV0107G,NACHI COCOM,CARLOS,ESTATAL,TELESECUNDARIA
31ETV0157O,FERNANDO ESPEJO MENDEZ,CARLOS,ESTATAL,TELESECUNDARIA
31ETV0170I,JOSE DIAZ BOLIO,CARLOS,ESTATAL,TELESECUNDARIA
31ETV0079A,LAS AMERICAS,CARLOS,ESTATAL,TELESECUNDARIA
31ETV0041O,DELIO MORENO CANTON,CARLOS,ESTATAL,TELESECUNDARIA
31ETV0081P,FEDERICO PASSLER,CARLOS,ESTATAL,TELESECUNDARIA
31ETV0088I,RAFAEL RAMIREZ CASTAÑEDA,CARLOS,ESTATAL,TELESECUNDARIA
31ETV0093U,CONSUELO ZAVALA CASTILLO,CARLOS,ESTATAL,TELESECUNDARIA
31ETV0149F,MAYAPAN,CARLOS,ESTATAL,TELESECUNDARIA
31ETV0034E,LUIS ALVAREZ BARRET,CARLOS,ESTATAL,TELESECUNDARIA
31ETV0082O,TOMAS AZNAR BARBACHANO,CARLOS,ESTATAL,TELESECUNDARIA
31ETV0108F,MELCHOR OCAMPO,CARLOS,ESTATAL,TELESECUNDARIA
31ETV0109E,ALFONSO REYES,CARLOS,ESTATAL,TELESECUNDARIA
31ETV0021A,ELIGIO ANCONA ROSADO,CARLOS,ESTATAL,TELESECUNDARIA
31ETV0029T,JOSE PEON CONTRERAS,CARLOS,ESTATAL,TELESECUNDARIA
31ETV0146I,EDMUNDO BOLIO ONTIVEROS,CARLOS,ESTATAL,TELESECUNDARIA
31ETV0153S,TIERRA Y LIBERTAD,CARLOS,ESTATAL,TELESECUNDARIA
31DST0045Y,ESCUELA SECUNDARIA TECNICA NUM. 45,ANGEL,FEDERAL TRANSFERIDO,TÉCNICA
31ETV0133E,TELESECUNDARIA NUM. 133,CARLOS,ESTATAL,TELESECUNDARIA
31ETV0078B,GUILLERMO PRIETO,CARLOS,ESTATAL,TELESECUNDARIA
31EES0099I,CARLOS ARANA MENDEZ,ALICIA,ESTATAL,GENERAL
31EES0068P,NACHI-COCOM,ALICIA,ESTATAL,GENERAL
31ETV0147H,GONZALO CAMARA ZAVALA,CARLOS,ESTATAL,TELESECUNDARIA
31EES0008A,GONZALO NAVARRO BAEZ,ALICIA,ESTATAL,GENERAL
31DES0009A,ERMILO ABREU GOMEZ,SANDY,FEDERAL TRANSFERIDO,GENERAL
31DES2005S,ENRIQUE GOTTDIENER SOTO,SANDY,FEDERAL TRANSFERIDO,GENERAL
31DES2004T,OCTAVIO PAZ,SANDY,FEDERAL TRANSFERIDO,GENERAL
31DES2024G,ESTELA MARIA CONDE HERRERA,SANDY,FEDERAL TRANSFERIDO,GENERAL
31DES2014Z,JACINTO CANEK,SANDY,FEDERAL TRANSFERIDO,GENERAL
31DES0023U,RUBEN ANSELMO PEREZ AGUILAR,SANDY,FEDERAL TRANSFERIDO,GENERAL
31ETV0123Y,GUADALUPE VICTORIA,CARLOS,ESTATAL,TELESECUNDARIA
31DST0020P,ESCUELA SECUNDARIA TECNICA NUM. 20,CARLOS,FEDERAL TRANSFERIDO,TÉCNICA
31EES0037W,ONECIFORO BURGOS CONCHA,ALICIA,ESTATAL,GENERAL
31EES0087D,FRANCISCO GONZALEZ BOCANEGRA,ALICIA,ESTATAL,GENERAL
31EES0024S,CARLOS MARX,ALICIA,ESTATAL,GENERAL
31ETV0077C,EDUARDO URZAIZ RODRIGUEZ,CARLOS,ESTATAL,TELESECUNDARIA
31ETV0180P,RITA CETINA GUTIERREZ,CARLOS,ESTATAL,TELESECUNDARIA
31DST0025K,ESCUELA SECUNDARIA TECNICA NUM. 29,CARLOS,FEDERAL TRANSFERIDO,TÉCNICA
31ETV0092V,HERMENEGILDO GALEANA,CARLOS,ESTATAL,TELESECUNDARIA
31EES0034Z,DR. JAIME TORRES BODET,ALICIA,ESTATAL,GENERAL
31ETV0035D,IGNACIO ALLENDE,CARLOS,ESTATAL,TELESECUNDARIA
31ETV0084M,JAIME TORRES BODET,CARLOS,ESTATAL,TELESECUNDARIA
31ETV0003L,JOSE GONZALEZ ROSADO,CARLOS,ESTATAL,TELESECUNDARIA
31EES0013M,JUSTO SIERRA MENDEZ,ALICIA,ESTATAL,GENERAL
31DST0043Z,ESCUELA SECUNDARIA TECNICA NUM. 43,ANGEL,FEDERAL TRANSFERIDO,TÉCNICA
31EES0109Z,JOSE VASCONCELOS,ALICIA,ESTATAL,GENERAL
31DST2010W,ESCUELA SECUNDARIA TECNICA NUM. 65,ANGEL,FEDERAL TRANSFERIDO,TÉCNICA
31ETV0178A,KUKULKAN,CARLOS,ESTATAL,TELESECUNDARIA
31DST0050J,ESCUELA SECUNDARIA TECNICA NUM. 83,ANGEL,FEDERAL TRANSFERIDO,TÉCNICA
31ETV0058O,JUAN RUIZ DE ALARCON,CARLOS,ESTATAL,TELESECUNDARIA
31DST0005X,ESCUELA SECUNDARIA TECNICA NUM. 5,CARLOS,FEDERAL TRANSFERIDO,TÉCNICA
31EES0029N,SATURNINO GOMEZ SOSA,ALICIA,ESTATAL,GENERAL
31DST2015R,ESCUELA SECUNDARIA TECNICA NUM. 70,ANGEL,FEDERAL TRANSFERIDO,TÉCNICA
31ETV0074F,REPUBLICA DE MEXICO,CARLOS,ESTATAL,TELESECUNDARIA
31DST2012U,ESCUELA SECUNDARIA TECNICA NUM. 67,ANGEL,FEDERAL TRANSFERIDO,TÉCNICA
31DES0020X,1 DE mayo,SANDY,FEDERAL TRANSFERIDO,GENERAL
31EES0016J,ESCUELA SECUNDARIA ESTATAL COMUNIDAD EDUCATIVA BAILLERES,ALICIA,ESTATAL,GENERAL
31ETV0010V,BENITO JUAREZ GARCIA,CARLOS,ESTATAL,TELESECUNDARIA
31ETV0016P,JOSE VASCONCELOS,CARLOS,ESTATAL,TELESECUNDARIA
31ETV0019M,LEYES DE REFORMA,CARLOS,ESTATAL,TELESECUNDARIA
31ETV0017O,VALENTIN GOMEZ FARIAS,CARLOS,ESTATAL,TELESECUNDARIA
31DST0003Z,ESCUELA SECUNDARIA TECNICA NUM. 3,CARLOS,FEDERAL TRANSFERIDO,TÉCNICA
31DST0007V,GEORGE FRANKLIN GAUMER KLIERO,CARLOS,FEDERAL TRANSFERIDO,TÉCNICA
31DST0019Z,ESCUELA SECUNDARIA TECNICA NUM. 19,CARLOS,FEDERAL TRANSFERIDO,TÉCNICA
31DST0018A,ESCUELA SECUNDARIA TECNICA NUM. 18,CARLOS,FEDERAL TRANSFERIDO,TÉCNICA
31ETV0181O,GREGORIO TORRES QUINTERO,CARLOS,ESTATAL,TELESECUNDARIA
31DST0002Z,ESCUELA SECUNDARIA TECNICA NUM. 2,CARLOS,FEDERAL TRANSFERIDO,TÉCNICA
31ETV0131G,AVELINO ARJONA MOGUEL,CARLOS,ESTATAL,TELESECUNDARIA
31DST0052H,ESCUELA SECUNDARIA TECNICA NUM. 52,ANGEL,FEDERAL TRANSFERIDO,TÉCNICA
31DES0011P,ALFREDO BARRERA VASQUEZ,SANDY,FEDERAL TRANSFERIDO,GENERAL
31EES0112M,AUGUSTO ALEJANDRO CÁRDENAS PINELO GUTY CARDENAS,ALICIA,ESTATAL,GENERAL
31DES2026E,RUBEN DARIO HERRERA MARTINEZ,SANDY,FEDERAL TRANSFERIDO,GENERAL
31DST0032U,RICARDO LOPEZ MENDEZ,CARLOS,FEDERAL TRANSFERIDO,TÉCNICA
31EES0060X,GONZALO LOPEZ MANZANERO,ALICIA,ESTATAL,GENERAL
31EES0052O,GENERAL LEANDRO VALLE MARTINEZ,ALICIA,ESTATAL,GENERAL
31ETV0005J,MANUEL CRESCENCIO REJON,CARLOS,ESTATAL,TELESECUNDARIA
31EES0102F,FELIPA POOT TZUC,ALICIA,ESTATAL,GENERAL
31ETV0007H,SALVADOR ALVARADO,CARLOS,ESTATAL,TELESECUNDARIA
31DES0001I,SANTIAGO BURGOS BRITO,SANDY,FEDERAL TRANSFERIDO,GENERAL
31DST0044Z,ESCUELA SECUNDARIA TECNICA NUM. 44,ANGEL,FEDERAL TRANSFERIDO,TÉCNICA
31EES0020W,DIEGO LOPE DE COGOLLUDO,ALICIA,ESTATAL,GENERAL
31ETV0156P,FABIO ESPINOSA GRANADOS,CARLOS,ESTATAL,TELESECUNDARIA